Print_all_players,2022/05/11 23:02:23
Print_all_coaches,2022/05/11 23:02:23
Print_all_tickets,2022/05/11 23:02:23
Print_all_stadiums,2022/05/11 23:02:23
Print_all_players,2022/05/11 23:02:52
Print_all_coaches,2022/05/11 23:02:57
Print_all_tickets,2022/05/11 23:02:57
Print_all_stadiums,2022/05/11 23:02:57
Print_all_players,2022/05/11 23:03:02
Print_all_coaches,2022/05/11 23:03:05
Print_all_tickets,2022/05/11 23:03:05
Print_all_stadiums,2022/05/11 23:03:05
Print_all_players,2022/05/11 23:03:46
Print_all_coaches,2022/05/11 23:03:47
Print_all_tickets,2022/05/11 23:03:47
Print_all_stadiums,2022/05/11 23:03:47
Print_all_players,2022/05/11 23:05:24
Print_all_coaches,2022/05/11 23:05:27
Print_all_tickets,2022/05/11 23:05:30
Print_all_stadiums,2022/05/11 23:05:32
Print_all_players,2022/05/11 23:15:00
Print_all_coaches,2022/05/11 23:15:04
Print_all_players,2022/05/11 23:16:53
Print_all_coaches,2022/05/11 23:16:57
Print_all_tickets,2022/05/11 23:16:57
Print_all_players,2022/05/11 23:17:55
Print_all_coaches,2022/05/11 23:18:01
Print_all_tickets,2022/05/11 23:18:01
Print_all_players,2022/05/11 23:19:35
Print_all_coaches,2022/05/11 23:19:42
Print_all_tickets,2022/05/11 23:19:42
Print_all_players,2022/05/11 23:21:55
Print_all_coaches,2022/05/11 23:21:58
Print_all_tickets,2022/05/11 23:21:58
Print_all_players,2022/05/11 23:22:54
Print_all_coaches,2022/05/11 23:22:56
Print_all_tickets,2022/05/11 23:22:57
Print_all_stadiums,2022/05/11 23:23:00
Print_all_players,2022/05/11 23:24:38
Print_all_coaches,2022/05/11 23:24:40
Print_all_tickets,2022/05/11 23:24:40
Print_all_players,2022/05/11 23:25:01
Print_all_coaches,2022/05/11 23:25:04
Print_all_players,2022/05/11 23:25:33
Print_all_coaches,2022/05/11 23:25:34
Print_all_tickets,2022/05/11 23:25:36
Print_all_players,2022/05/11 23:34:54
Add_player,2022/05/11 23:34:54
Print_all_coaches,2022/05/11 23:35:00
Add_coach,2022/05/11 23:35:00
Print_all_tickets,2022/05/11 23:35:00
Add_ticket,2022/05/11 23:35:00
Print_all_stadiums,2022/05/11 23:35:01
Add_ticket,2022/05/11 23:35:01
Print_all_players,2022/05/11 23:36:30
Add_player,2022/05/11 23:36:30
Print_all_coaches,2022/05/11 23:36:32
Add_coach,2022/05/11 23:36:32
Print_all_tickets,2022/05/11 23:36:33
Add_ticket,2022/05/11 23:36:33
Print_all_stadiums,2022/05/11 23:36:34
Add_ticket,2022/05/11 23:36:34
Print_all_players,2022/05/11 23:44:57
Add_player,2022/05/11 23:44:57
Delete_player,2022/05/11 23:44:57
Print_all_coaches,2022/05/11 23:45:03
Add_coach,2022/05/11 23:45:04
Delete_coach,2022/05/11 23:45:04
Print_all_tickets,2022/05/11 23:45:04
Add_ticket,2022/05/11 23:45:04
Delete_ticket,2022/05/11 23:45:04
Print_all_stadiums,2022/05/11 23:45:05
Add_ticket,2022/05/11 23:45:05
Delete_stadium,2022/05/11 23:45:05
Print_all_players,2022/05/11 23:46:25
Add_player,2022/05/11 23:46:25
Delete_player,2022/05/11 23:46:25
Print_all_coaches,2022/05/11 23:46:27
Add_coach,2022/05/11 23:46:27
Delete_coach,2022/05/11 23:46:27
Print_all_tickets,2022/05/11 23:46:27
Add_ticket,2022/05/11 23:46:27
Delete_ticket,2022/05/11 23:46:27
Print_all_stadiums,2022/05/11 23:46:27
Add_ticket,2022/05/11 23:46:27
Delete_stadium,2022/05/11 23:46:27
